--Type

INSERT INTO [Studomes.Type] VALUES
('11200001','Penthouse');
INSERT INTO [Studomes.Type] VALUES
('11200002','Condo');
INSERT INTO [Studomes.Type] VALUES
('11200003','Villa');
INSERT INTO [Studomes.Type] VALUES
('11200004','Apartment');
INSERT INTO [Studomes.Type] VALUES
('11200005','Townhome');
INSERT INTO [Studomes.Type] VALUES
('11200006','Luxury');


--Owner

INSERT INTO [Studomes.Owner] VALUES
('410001','Matt Barnes', 'southern management','7662075023', 'matt.barnes@gmail.com', 'www.southernmanagement.com');
INSERT INTO [Studomes.Owner] VALUES
('410002','Simon Radcliffe', 'barkan management','5462075021', 'simon.radcliffe@gmail.com', 'www.spectrumam.com');
INSERT INTO [Studomes.Owner] VALUES
('410003','Sean Kelley', 'college park sa','3622375022', 'sean.kelley@gmail.com', 'www.collegeparksa.com');
INSERT INTO [Studomes.Owner] VALUES
('410004','Chris Robinson', 'college park estates','6262175021', 'chris.robinson@gmail.com', 'www.collegeparkestates.org');
INSERT INTO [Studomes.Owner] VALUES
('410005','Robert Pattison', 'southern management','7687495721', 'robpattison@gmail.com', 'www.southernmanagement.com');
INSERT INTO [Studomes.Owner] VALUES
('410006','Graham Timbell', 'barkan management','5409805344', 'grahambell@gmail.com', 'www.spectrumam.com');
INSERT INTO [Studomes.Owner] VALUES
('410007','Ned Stark', 'college park sa','9622325980', 'ned.stark@gmail.com', 'www.collegeparksa.com');
INSERT INTO [Studomes.Owner] VALUES
('410008','Stannis Baratheon', 'college park estates','6288994536', 'stannis.baratheon@gmail.com', 'www.collegeparkestates.org');
INSERT INTO [Studomes.Owner] VALUES
('410009','Nancy Bayer', 'spectrum','7354370987', 'nancy.bayer@gmail.com', 'www.spectruman.com');
INSERT INTO [Studomes.Owner] VALUES
('410010','Rachel Carlsen', 'northern management','5667099546', 'rachel.carlsen@gmail.com', 'www.northernmanagement.com');
INSERT INTO [Studomes.Owner] VALUES
('410011','Ramond Schnider', 'northern management','9902349816', 'ray.schnider@gmail.com', 'www.northernmanagement.com');
INSERT INTO [Studomes.Owner] VALUES
('410012','Zac Ramsay', 'Markram management','9193726960', 'zac.ramsay@gmail.com', 'www.markrammanagement.org');





--Agent

INSERT INTO [Studomes.Agent] VALUES
('1120001','John Barnes', '8442075023', 'john.barnes@gmail.com');
INSERT INTO [Studomes.Agent] VALUES
('1120002','Kevin Storm', '8262074053', 'kevin.storm@gmail.com');
INSERT INTO [Studomes.Agent] VALUES
('1120003','Robert Samuelson', '8932076067', 'robert.samuelson@gmail.com');
INSERT INTO [Studomes.Agent] VALUES
('1120004','Peter Alexander', '6464207021', 'peter.alexander@gmail.com');
INSERT INTO [Studomes.Agent] VALUES
('1120005','Harry Palai', '5547654321', 'harry.potter912@gmail.com');
INSERT INTO [Studomes.Agent] VALUES
('1120006','Sau Mohite', '5587645621', 'sau.mohite1996@gmail.com');
INSERT INTO [Studomes.Agent] VALUES
('1120007','Mahi Dhoni', '8984145610', 'mahimahimahi@gmail.com');




--Amenity

INSERT INTO [Studomes.Amenity] VALUES
('101','Dishwasher')
INSERT INTO [Studomes.Amenity] VALUES
('102','Personal Garden')
INSERT INTO [Studomes.Amenity] VALUES
('103','Disposal')
INSERT INTO [Studomes.Amenity] VALUES
('104','Granite Countertops')
INSERT INTO [Studomes.Amenity] VALUES
('105','Eat in Kitchen')
INSERT INTO [Studomes.Amenity] VALUES
('106','Pet Friendly')
INSERT INTO [Studomes.Amenity] VALUES
('107','Microwave')
INSERT INTO [Studomes.Amenity] VALUES
('108','Refrigerator')
INSERT INTO [Studomes.Amenity] VALUES
('109','Gameroom')
INSERT INTO [Studomes.Amenity] VALUES
('110','Fitness Center')
INSERT INTO [Studomes.Amenity] VALUES
('111','Swimming Pool')
INSERT INTO [Studomes.Amenity] VALUES
('112','Air Conditioning')
INSERT INTO [Studomes.Amenity] VALUES
('113','Laundry Facility')






--Customer 


INSERT INTO [Studomes.Customer] VALUES
('2133430', 'Jennifer Golbeck', '6463431543', 'jennifer.golbeck@gmail.com');
 
INSERT INTO [Studomes.Customer] VALUES
('2133431', 'Rohan Roy', '7373431543', 'rohan.roy@gmail.com');
 
 
INSERT INTO [Studomes.Customer] VALUES
('2133432', 'Rob Garner', '3433431563', 'rob.garner@gmail.com');
 
 
INSERT INTO [Studomes.Customer] VALUES
('2133433', 'James Carson', '6413431242', 'james.carson@gmail.com');
 
INSERT INTO [Studomes.Customer] VALUES
('2133434', 'Stephanie Rodrigues', '8403461542', 'stephanie.rodrigues@gmail.com');
 
INSERT INTO [Studomes.Customer] VALUES
('2133435', 'Aisha Rahman', '3403431549', 'aisha.rahman@gmail.com');
 
INSERT INTO [Studomes.Customer] VALUES
('2133436', 'Michael Cooper', '7408431547', 'michael.cooper@gmail.com');
 
INSERT INTO [Studomes.Customer] VALUES
('2133437', 'Neal Sissons', '6406431541', 'neal.sisson@gmail.com');
 
INSERT INTO [Studomes.Customer] VALUES
('2133438', 'William Hardy', '7573431541', 'william.hardy@gmail.com');
 
INSERT INTO [Studomes.Customer] VALUES
('2133439', 'Peter Samuel', '6463411545', 'peter.samuel@gmail.com');
 

INSERT INTO [Studomes.Customer] VALUES
('2133440', 'Mark Neil', '2413451543', 'mark.neil@gmail.com');
 
INSERT INTO [Studomes.Customer] VALUES
('2133441', 'Robert Allen', '7423467888', 'robert.allen@gmail.com');
 
INSERT INTO [Studomes.Customer] VALUES
('2133442', 'Jessica Wang', '6563431536', 'jessica.wang@gmail.com');






-- Property:

INSERT INTO [Studomes.Property] VALUES
('1000553','Parkside Apartments','8125 48th Avenue APT 111','College Park','Maryland','20740',2000,2,1,850,410002,11200002,1120003);
INSERT INTO [Studomes.Property] VALUES
('1000554','Parkside Apartments','8125 48th Avenue APT 122','College Park','Maryland','20740',2300,2,2,1000,410002,11200002,1120003);
INSERT INTO [Studomes.Property] VALUES
('1000555','University Townhomes','4800 Berwyn House Road APT 313','College Park','Maryland','20740',2500,3,1,2400,410012,11200005,1120005);
INSERT INTO [Studomes.Property] VALUES
('1000556','Parkside Apartments','8125 48th Avenue APT 213','College Park','Maryland','20740',1400,1,1,620,410006,11200002,1120004);
INSERT INTO [Studomes.Property] VALUES
('1000557','Parkside Apartments','8125 48th Avenue APT 243','College Park','Maryland','20740',1100,0,1,540,410006,11200002,1120004);
INSERT INTO [Studomes.Property] VALUES
('1000558','University Townhomes','4800 Berwyn House Road APT 315','College Park','Maryland','20740',3000,3,2,2800,410012,11200005,1120005);
INSERT INTO [Studomes.Property] VALUES
('1000559','Independent house','7276 S Ora Court','Greenbelt','Maryland','20770',3000,3,3,1800,410010,11200003,1120003);
INSERT INTO [Studomes.Property] VALUES
('1000560','Independent house','7277 S Ora Court','Greenbelt','Maryland','20770',3150,4,3,2000,410010,11200003,1120003);
INSERT INTO [Studomes.Property] VALUES
('1000561','Independent house','7278 S Ora Court','Greenbelt','Maryland','20770',2200,3,2,1400,410011,11200003,1120004);
INSERT INTO [Studomes.Property] VALUES
('1000562','Independent house','7279 S Ora Court','Greenbelt','Maryland','20770',3000,3,3,2200,410011,11200003,1120004);
INSERT INTO [Studomes.Property] VALUES
('1000563','University Townhomes','4800 Berwyn House Road APT 418','College Park','Maryland','20740',3500,4,3,3200,410012,11200005,1120005);
INSERT INTO [Studomes.Property] VALUES
('1000564','University View','8204 Baltimore Ave APT 1016','College Park','Maryland','20740',1200,2,1,1274,410007,11200001,1120006);
INSERT INTO [Studomes.Property] VALUES
('1000565','University View','8204 Baltimore Ave APT 2013','College Park','Maryland','20740',800,2,1,940,410003,11200001,1120006);
INSERT INTO [Studomes.Property] VALUES
('1000566','University View','8204 Baltimore Ave APT 4116','College Park','Maryland','20740',1200,2,2,960,410004,11200001,1120007);
INSERT INTO [Studomes.Property] VALUES
('1000567','University View','8204 Baltimore Ave APT 3412','College Park','Maryland','20740',1950,1,1,1550,410008,11200001,1120007);
INSERT INTO [Studomes.Property] VALUES
('1000568','University View','8204 Baltimore Ave APT 5612','College Park','Maryland','20740',1850,2,1,1300,410008,11200001,1120006);
INSERT INTO [Studomes.Property] VALUES
('1000569','Alloy by Alta','8250 Georgia Ave APT A13','Silver Spring','Maryland','20910',1500,3,2,1350,410009,11200006,1120007);
INSERT INTO [Studomes.Property] VALUES
('1000570','Alloy by Alta','8250 Georgia Ave APT C42','Silver Spring','Maryland','20910',1650,3,2,1500,410009,11200006,1120003);
INSERT INTO [Studomes.Property] VALUES
('1000571','Alloy by Alta','8250 Georgia Ave APT B11','Silver Spring','Maryland','20910',1950,2,2,1450,410009,11200006,1120003);
INSERT INTO [Studomes.Property] VALUES
('1000572','Alloy by Alta','8250 Georgia Ave APT C32','Silver Spring','Maryland','20910',2900,3,2,2000,410009,11200006,1120004);
INSERT INTO [Studomes.Property] VALUES
('1000573','Alloy by Alta','8250 Georgia Ave APT D39','Silver Spring','Maryland','20910',1400,2,1,900,410009,11200006,1120005);
INSERT INTO [Studomes.Property] VALUES
('1000574','Graduate Hills','3424 Tulane Drive APT 3304','Hyattsville','Maryland','20783',1000,0,1,450,410005,11200004,1120007);
INSERT INTO [Studomes.Property] VALUES
('1000575','Graduate Hills','3424 Tulane Drive APT 3289','Hyattsville','Maryland','20783',1300,1,1,600,410001,11200004,1120006);
INSERT INTO [Studomes.Property] VALUES
('1000576','Graduate Hills','3424 Tulane Drive APT 4432','Hyattsville','Maryland','20783',1450,2,1,800,410001,11200004,1120007);
INSERT INTO [Studomes.Property] VALUES
('1000577','Graduate Hills','3424 Tulane Drive APT 2232','Hyattsville','Maryland','20783',1300,1,1,600,410005,11200004,1120006);
INSERT INTO [Studomes.Property] VALUES
('1000578','Graduate Hills','3424 Tulane Drive APT 4454','Hyattsville','Maryland','20783',1000,0,1,450,410005,11200004,1120007);
INSERT INTO [Studomes.Property] VALUES
('1000579','Graduate Gardens','4317 Rowalt Dr # T3 APT 4809','College Park','Maryland','20740',1100,0,1,470,410001,11200004,1120007);
INSERT INTO [Studomes.Property] VALUES
('1000580','Graduate Gardens','4317 Rowalt Dr # T3 APT 2543','College Park','Maryland','20740',1300,1,1,650,410001,11200004,1120006);
INSERT INTO [Studomes.Property] VALUES
('1000581','Graduate Gardens','4317 Rowalt Dr # T3 APT 1187','College Park','Maryland','20740',1450,2,2,880,410005,11200004,1120007);
INSERT INTO [Studomes.Property] VALUES
('1000582','Graduate Gardens','4317 Rowalt Dr # T3 APT 1232','College Park','Maryland','20740',1350,2,1,800,410005,11200004,1120006);
INSERT INTO [Studomes.Property] VALUES
('1000583','University Club','4824 Berwyn House Rd, APT 1110','College Park','Maryland','20740',2400,3,2,1800,410007,11200002,1120001);
INSERT INTO [Studomes.Property] VALUES
('1000584','University Club','4824 Berwyn House Rd, APT 1111','College Park','Maryland','20740',2300,2,2,1200,410008,11200004,1120002);
INSERT INTO [Studomes.Property] VALUES
('1000585','University Club','4824 Berwyn House Rd, APT 1112','College Park','Maryland','20740',2200,2,2,1000,410007,11200004,1120003);
INSERT INTO [Studomes.Property] VALUES
('1000586','University Club','4824 Berwyn House Rd, APT 1113','College Park','Maryland','20740',2100,2,2,800,410008,11200004,1120004);
INSERT INTO [Studomes.Property] VALUES
('1000587','University Club','4824 Berwyn House Rd, APT 1114','College Park','Maryland','20740',2450,3,2,1800,410010,11200002,1120005);
INSERT INTO [Studomes.Property] VALUES
('1000588','University Club','4824 Berwyn House Rd, APT 1115','College Park','Maryland','20740',2500,3,3,2000,410011,11200006,1120001);
INSERT INTO [Studomes.Property] VALUES
('1000589','University Club','4824 Berwyn House Rd, APT 1116','College Park','Maryland','20740',2670,3,3,2400,410011,11200006,1120001);
INSERT INTO [Studomes.Property] VALUES
('1000590','University Club','4824 Berwyn House Rd, APT 1117','College Park','Maryland','20740',2340,2,2,1200,410011,11200004,1120002);
INSERT INTO [Studomes.Property] VALUES
('1000591','University Club','4824 Berwyn House Rd, APT 1118','College Park','Maryland','20740',2005,2,2,860,410010,11200004,1120002);
INSERT INTO [Studomes.Property] VALUES
('1000592','University Club','4824 Berwyn House Rd, APT 1119','College Park','Maryland','20740',2254,2,1,950,410008,11200004,1120004);
INSERT INTO [Studomes.Property] VALUES
('1000593','University Club','4824 Berwyn House Rd, APT 1120','College Park','Maryland','20740',2333,2,1,900,410008,11200004,1120003);
INSERT INTO [Studomes.Property] VALUES
('1000594','University Club','4824 Berwyn House Rd, APT 1121','College Park','Maryland','20740',2073,2,1,750,410007,11200004,1120005);
INSERT INTO [Studomes.Property] VALUES
('1000595','University Club','4824 Berwyn House Rd, APT 1122','College Park','Maryland','20740',2445,3,2,1200,410008,11200004,1120007);
INSERT INTO [Studomes.Property] VALUES
('1000596','University Club','4824 Berwyn House Rd, APT 1123','College Park','Maryland','20740',2400,2,2,1250,410007,11200004,1120001);
INSERT INTO [Studomes.Property] VALUES
('1000597','University Club','4824 Berwyn House Rd, APT 1124','College Park','Maryland','20740',2300,2,1,1200,410007,11200002,1120002);
INSERT INTO [Studomes.Property] VALUES
('1000598','University Club','4824 Berwyn House Rd, APT 1125','College Park','Maryland','20740',2200,2,1,1100,410008,11200002,1120002);
INSERT INTO [Studomes.Property] VALUES
('1000599','University Club','4824 Berwyn House Rd, APT 1126','College Park','Maryland','20740',2200,2,1,1000,410010,11200004,1120003);
INSERT INTO [Studomes.Property] VALUES
('1000600','University Club','4824 Berwyn House Rd, APT 1127','College Park','Maryland','20740',2100,2,1,850,410010,11200002,1120004);
INSERT INTO [Studomes.Property] VALUES
('1000601','University Club','4824 Berwyn House Rd, APT 1128','College Park','Maryland','20740',2400,2,2,1800,410011,11200006,1120002);
INSERT INTO [Studomes.Property] VALUES
('1000602','University Club','4824 Berwyn House Rd, APT 1129','College Park','Maryland','20740',2200,2,1,1200,410011,11200004,1120004);
INSERT INTO [Studomes.Property] VALUES
('1000603','University Club','4824 Berwyn House Rd, APT 1130','College Park','Maryland','20740',2300,2,2,1200,410002,11200004,1120002);
INSERT INTO [Studomes.Property] VALUES
('1000604','University Club','4824 Berwyn House Rd, APT 1131','College Park','Maryland','20740',2300,2,1,1200,410004,11200004,1120003);
INSERT INTO [Studomes.Property] VALUES
('1000605','University Park','8250 Washington Ave APT 101','Silver Spring','Maryland','20782',1500,1,1,900,410003,11200004,1120005);
INSERT INTO [Studomes.Property] VALUES
('1000606','University Park','8250 Washington Ave APT 102','Silver Spring','Maryland','20782',1400,2,1,1000,410003,11200002,1120006);
INSERT INTO [Studomes.Property] VALUES
('1000607','University Park','8250 Washington Ave APT 103','Silver Spring','Maryland','20782',1300,2,1,800,410003,11200004,1120005);
INSERT INTO [Studomes.Property] VALUES
('1000608','University Park','8250 Washington Ave APT 104','Silver Spring','Maryland','20782',1200,1,1,900,410004,11200002,1120005);
INSERT INTO [Studomes.Property] VALUES
('1000609','University Park','8250 Washington Ave APT 105','Silver Spring','Maryland','20782',1450,2,1,800,410004,11200002,1120006);
INSERT INTO [Studomes.Property] VALUES
('1000610','University Park','8250 Washington Ave APT 106','Silver Spring','Maryland','20782',1250,1,1,800,410004,11200002,1120007);
INSERT INTO [Studomes.Property] VALUES
('1000611','University Park','8250 Washington Ave APT 107','Silver Spring','Maryland','20782',1570,2,1,1000,410007,11200004,1120005);
INSERT INTO [Studomes.Property] VALUES
('1000612','University Park','8250 Washington Ave APT 108','Silver Spring','Maryland','20782',1550,1,1,1000,410007,11200002,1120006);
INSERT INTO [Studomes.Property] VALUES
('1000613','University Park','8250 Washington Ave APT 109','Silver Spring','Maryland','20782',1350,2,1,900,410007,11200004,1120007);
INSERT INTO [Studomes.Property] VALUES
('1000614','University Park','8250 Washington Ave APT 110','Silver Spring','Maryland','20782',1300,1,1,900,410003,11200004,1120005);



--Apply
INSERT INTO [Studomes.Apply] VALUES
('1000553','2133430','04/02/2019','05/03/2019')
INSERT INTO [Studomes.Apply] VALUES
('1000553','2133432','08/03/2018','10/23/2018')
INSERT INTO [Studomes.Apply] VALUES
('1000556','2133439','09/01/2017', '09/01/2017')
INSERT INTO [Studomes.Apply] VALUES
('1000557','2133442','08/02/2019','09/03/2019')
INSERT INTO [Studomes.Apply] VALUES
('1000558','2133431','03/03/2018','03/23/2018')
INSERT INTO [Studomes.Apply] VALUES
('1000559','2133433','09/01/2017', '09/01/2017')
INSERT INTO [Studomes.Apply] VALUES
('1000559','2133434','07/02/2019','07/03/2019')
INSERT INTO [Studomes.Apply] VALUES
('1000560','2133435','12/03/2018','12/23/2018')
INSERT INTO [Studomes.Apply] VALUES
('1000561','2133439','11/01/2017', '11/01/2017')
INSERT INTO [Studomes.Apply] VALUES
('1000562','2133436','04/02/2019','04/03/2019')
INSERT INTO [Studomes.Apply] VALUES
('1000564','2133437','03/03/2018','04/23/2018')
INSERT INTO [Studomes.Apply] VALUES
('1000565','2133438','07/01/2017', '09/01/2017')
INSERT INTO [Studomes.Apply] VALUES
('1000566','2133438','04/02/2019','01/03/2019')
INSERT INTO [Studomes.Apply] VALUES
('1000559','2133438','03/03/2018','05/23/2018')
INSERT INTO [Studomes.Apply] VALUES
('1000565','2133439','07/01/2017', '08/01/2017')
INSERT INTO [Studomes.Apply] VALUES
('1000566','2133441','03/03/2018','03/23/2018')
INSERT INTO [Studomes.Apply] VALUES
('1000566','2133439','07/01/2017', '09/01/2017')
INSERT INTO [Studomes.Apply] VALUES
('1000567','2133440','03/03/2018','03/23/2018')
INSERT INTO [Studomes.Apply] VALUES
('1000568','2133437','07/01/2017', '09/01/2017')
INSERT INTO [Studomes.Apply] VALUES
('1000569','2133442','03/03/2018','03/29/2018')
INSERT INTO [Studomes.Apply] VALUES
('1000570','2133439','07/01/2017', '09/01/2017')
INSERT INTO [Studomes.Apply] VALUES
('1000571','2133441','03/04/2018','04/23/2018')
INSERT INTO [Studomes.Apply] VALUES
('1000572','2133441','07/01/2017', '09/01/2017')
INSERT INTO [Studomes.Apply] VALUES
('1000573','2133440','03/03/2018','03/03/2018')
INSERT INTO [Studomes.Apply] VALUES
('1000575','2133442','07/01/2017', '07/01/2017')
INSERT INTO [Studomes.Apply] VALUES
('1000572','2133442','07/01/2017', '09/01/2017')
INSERT INTO [Studomes.Apply] VALUES
('1000573','2133441','03/03/2018','03/14/2018')
INSERT INTO [Studomes.Apply] VALUES
('1000575','2133432','07/01/2017', '09/01/2017')
INSERT INTO [Studomes.Apply] VALUES
('1000572','2133433','07/01/2017', '09/01/2017')
INSERT INTO [Studomes.Apply] VALUES
('1000573','2133434','03/03/2018','03/13/2018')
INSERT INTO [Studomes.Apply] VALUES
('1000575','2133434','07/01/2017', '08/01/2017')
INSERT INTO [Studomes.Apply] VALUES
('1000576','2133435','07/01/2017', '07/01/2017')
INSERT INTO [Studomes.Apply] VALUES
('1000577','2133431','03/03/2018','04/03/2018')
INSERT INTO [Studomes.Apply] VALUES
('1000578','2133430','07/01/2017', '07/01/2017')
INSERT INTO [Studomes.Apply] VALUES
('1000579','2133431','07/01/2017', '08/01/2017')
INSERT INTO [Studomes.Apply] VALUES
('1000580','2133432','03/03/2018','03/03/2018')
INSERT INTO [Studomes.Apply] VALUES
('1000581','2133433','08/01/2017', '09/01/2017')





--Include
INSERT INTO [Studomes.Include] VALUES
('1000582','112')
INSERT INTO [Studomes.Include] VALUES
('1000582','104')
INSERT INTO [Studomes.Include] VALUES
('1000582','107')
INSERT INTO [Studomes.Include] VALUES
('1000557','112')
INSERT INTO [Studomes.Include] VALUES
('1000557','108')
INSERT INTO [Studomes.Include] VALUES
('1000557','107')
INSERT INTO [Studomes.Include] VALUES
('1000557','105')
INSERT INTO [Studomes.Include] VALUES
('1000557','104')
INSERT INTO [Studomes.Include] VALUES
('1000557','103')
INSERT INTO [Studomes.Include] VALUES
('1000557','101')
INSERT INTO [Studomes.Include] VALUES
('1000562','112')
INSERT INTO [Studomes.Include] VALUES
('1000562','113')
INSERT INTO [Studomes.Include] VALUES
('1000562','111')
INSERT INTO [Studomes.Include] VALUES
('1000562','108')
INSERT INTO [Studomes.Include] VALUES
('1000562','107')
INSERT INTO [Studomes.Include] VALUES
('1000562','110')
INSERT INTO [Studomes.Include] VALUES
('1000562','105')
INSERT INTO [Studomes.Include] VALUES
('1000562','104')
INSERT INTO [Studomes.Include] VALUES
('1000562','103')
INSERT INTO [Studomes.Include] VALUES
('1000562','102')
INSERT INTO [Studomes.Include] VALUES
('1000562','101')
INSERT INTO [Studomes.Include] VALUES
('1000562','106')
INSERT INTO [Studomes.Include] VALUES
('1000563','112')
INSERT INTO [Studomes.Include] VALUES
('1000563','113')
INSERT INTO [Studomes.Include] VALUES
('1000563','108')
INSERT INTO [Studomes.Include] VALUES
('1000563','107')
INSERT INTO [Studomes.Include] VALUES
('1000563','105')
INSERT INTO [Studomes.Include] VALUES
('1000563','104')
INSERT INTO [Studomes.Include] VALUES
('1000563','103')
INSERT INTO [Studomes.Include] VALUES
('1000563','102')
INSERT INTO [Studomes.Include] VALUES
('1000563','101')
INSERT INTO [Studomes.Include] VALUES
('1000563','106')
INSERT INTO [Studomes.Include] VALUES
('1000573','112')
INSERT INTO [Studomes.Include] VALUES
('1000573','113')
INSERT INTO [Studomes.Include] VALUES
('1000573','108')
INSERT INTO [Studomes.Include] VALUES
('1000573','107')
INSERT INTO [Studomes.Include] VALUES
('1000573','104')
INSERT INTO [Studomes.Include] VALUES
('1000573','103')
INSERT INTO [Studomes.Include] VALUES
('1000573','102')
INSERT INTO [Studomes.Include] VALUES
('1000573','101')
INSERT INTO [Studomes.Include] VALUES
('1000573','106')
INSERT INTO [Studomes.Include] VALUES
('1000568','112')
INSERT INTO [Studomes.Include] VALUES
('1000568','113')
INSERT INTO [Studomes.Include] VALUES
('1000568','108')
INSERT INTO [Studomes.Include] VALUES
('1000568','107')
INSERT INTO [Studomes.Include] VALUES
('1000568','104')
INSERT INTO [Studomes.Include] VALUES
('1000568','103')
INSERT INTO [Studomes.Include] VALUES
('1000568','102')
INSERT INTO [Studomes.Include] VALUES
('1000568','101')




--Lease
INSERT INTO [Studomes.Lease] VALUES
('1000553','2133430','410002',12,500,'01/03/2019','Good',4)
INSERT INTO [Studomes.Lease] VALUES
('1000556','2133439','410006',6,500,'10/23/2018','Excellent',5)
INSERT INTO [Studomes.Lease] VALUES
('1000557','2133442','410006',3,450,'09/01/2017','Average',3)
INSERT INTO [Studomes.Lease] VALUES
('1000558','2133431','410012',3,150,'09/21/2019','Average',3) 
INSERT INTO [Studomes.Lease] VALUES
('1000559','2133433','410010',1,420,'07/31/2018','Good',4)
INSERT INTO [Studomes.Lease] VALUES
('1000564','2133437','410007',12,500,'08/23/2015','Very Good',4)
INSERT INTO [Studomes.Lease] VALUES
('1000565','2133438','410008',8,500,'04/02/2016','Good',4)
INSERT INTO [Studomes.Lease] VALUES
('1000567','2133440','410008',10,500,'05/03/2017','Good',3)
INSERT INTO [Studomes.Lease] VALUES
('1000571','2133441','410009',10,500,'05/03/2017','Excellent',5)
INSERT INTO [Studomes.Lease] VALUES
('1000572','2133433','410009',10,500,'05/03/2017','Very Good',4)
INSERT INTO [Studomes.Lease] VALUES
('1000575','2133434','410001',10,500,'05/03/2017','Poor',2)